{
    "type": "minecraft:smoking",
    "ingredient": "minecraft:heartbreak_pottery_sherd",
    "result": {
        "id": "minecraft:snort_pottery_sherd",
        "components": {
            "custom_model_data": {"strings":["cooked_fish_fillet"]},
            "food": {"nutrition": 3, "saturation": 3},
            "consumable": {"animation": "eat", "sound": "entity.generic.eat", "has_consume_particles": true, "consume_seconds": 1.6},
            "rarity": "common",
            "custom_data": {"cooked_fish_fillet":1},
            "custom_name": "{\"text\": \"Cooked Fish Fillet\", \"italic\": false}"
        }
    },
    "category": "food"
}
